id,variableName,name,outputGood,inputGood1,inputRatio1,inputGood2,inputRatio2,workers,storage,operatingCost,derivedFromDemand
farm,farm,Wheat Farm,grain,water,0.5,,,5,1000,5,FALSE
well,well,Well,water,,,,,2,1000,2,FALSE
gathering_camp,gatheringCamp,Gathering Camp,forage,,,,,4,1000,3,FALSE
logging_camp,loggingCamp,Logging Camp,wood,forage,0.25,,,6,1000,4,FALSE
mine,mine,Mine,ironOre,water,0.25,forage,0.25,10,1000,10,FALSE
bakery,bakery,Bakery,bread,grain,1,water,0.5,4,1000,6,TRUE
toolmaker,toolmaker,Toolmaker,tools,ironOre,1,wood,0.5,5,1000,8,TRUE
chairmaker,chairmaker,Chairmaker,chair,wood,1,,,6,1000,10,TRUE
turnip_farm,turnipFarm,Turnip Farm,turnips,water,0.5,,,5,1000,5,TRUE
